<?xml version="1.0" encoding="utf-8"?>
<ApplicationInstallerManifest>
   <DefaultInstallationDirectory>/Applications/AGAmbulancias_gui/</DefaultInstallationDirectory>
   <ApplicationName>AGAmbulancias_gui</ApplicationName>
   <ExecutableName>application/AGAmbulancias_gui.exe</ExecutableName>
   <GUID>4fa455f5-c6fa-468e-9b20-a4d5ec388dce</GUID>
   <ApplicationIcon>default_icon_48.png</ApplicationIcon>
   <Logo>default_logo.png</Logo>
   <Version>1.0</Version>
   <InstallationNotes>In the following directions, replace MCR_ROOT by the directory where the MATLAB Runtime is installed on the target machine.

If the environment variable DYLD_LIBRARY_PATH is undefined, set it to the concatenation of the following strings:

    MCR_ROOT/v90/runtime/maci64:
    MCR_ROOT/v90/sys/os/maci64:
    MCR_ROOT/v90/bin/maci64

If it is defined, set it to the concatenation of these strings:

    ${LD_LIBRARY_PATH}: 
    MCR_ROOT/v90/runtime/maci64:
    MCR_ROOT/v90/sys/os/maci64:
    MCR_ROOT/v90/bin/maci64</InstallationNotes>
   <WelcomePanelText>AGAmbulancias_gui 1.0</WelcomePanelText>
   <MCRProducts>
      <MCRProduct>
         <ExternalProductIdentifier>35000</ExternalProductIdentifier>
      </MCRProduct>
      <MCRProduct>
         <ExternalProductIdentifier>35010</ExternalProductIdentifier>
      </MCRProduct>
   </MCRProducts>
</ApplicationInstallerManifest>